{
  "population_summary": {
    "popularity": {
      "mean": 33.19880766659238,
      "ci95_low": 33.064153499382016,
      "ci95_high": 33.333461833802744,
      "n": 89740
    },
    "valence": {
      "mean": 0.4694744376086472,
      "ci95_low": 0.46775458484826343,
      "ci95_high": 0.471194290369031
    }
  },
  "tests": [
    {
      "feature": "popularity",
      "pos": "Mutlu",
      "neg": "Üzgün",
      "hypothesis": "H1: Mutlu şarkılar üzgün şarkılardan daha popülerdir.",
      "n_pos": 30133,
      "n_neg": 39055,
      "mean_pos": 32.24730362061527,
      "mean_neg": 33.38991166303931,
      "std_pos": 20.505799749287142,
      "std_neg": 20.31072348369897,
      "mean_diff": -1.1426080424240368,
      "ci95_low": -1.449503587911739,
      "ci95_high": -0.8357124969363345,
      "welch_t": -7.297312293835744,
      "welch_p_onesided": 0.9999999999998516,
      "mannwhitney_U": 568125767.0,
      "mannwhitney_p_onesided": 0.9999999999999969,
      "cohen_d": -0.05602142230698302
    },
    {
      "feature": "popularity",
      "pos": "Yüksek enerji",
      "neg": "Düşük enerji",
      "hypothesis": "H2: Yüksek enerjili şarkılar daha popülerdir.",
      "n_pos": 44989,
      "n_neg": 44751,
      "mean_pos": 33.01564826957701,
      "mean_neg": 33.38294116332596,
      "std_pos": 20.18377324048256,
      "std_neg": 20.970662421521396,
      "mean_diff": -0.367292893748953,
      "ci95_low": -0.6366202643516106,
      "ci95_high": -0.09796552314629542,
      "welch_t": -2.672920208668364,
      "welch_p_onesided": 0.9962396123146593,
      "mannwhitney_U": 988026363.0,
      "mannwhitney_p_onesided": 0.999999219460127,
      "cohen_d": -0.01784713525077892
    },
    {
      "feature": "popularity",
      "pos": "Yüksek danslanabilirlik",
      "neg": "Düşük danslanabilirlik",
      "hypothesis": "H3: Danslanabilirliği yüksek şarkılar daha popülerdir.",
      "n_pos": 45026,
      "n_neg": 44714,
      "mean_pos": 33.98058899302625,
      "mean_neg": 32.411571319944535,
      "std_pos": 21.364302624868706,
      "std_neg": 19.72908955761559,
      "mean_diff": 1.5690176730817171,
      "ci95_low": 1.2999762583573946,
      "ci95_high": 1.8380590878060397,
      "welch_t": 11.430432857496692,
      "welch_p_onesided": 1.5463756244819868e-30,
      "mannwhitney_U": 1052820151.0,
      "mannwhitney_p_onesided": 5.3805083679941544e-33,
      "cohen_d": 0.07629257730939136
    },
    {
      "feature": "popularity",
      "pos": "Majör",
      "neg": "Minör",
      "hypothesis": "H4: Majör tondaki şarkılar minör tondaki şarkılardan daha popülerdir.",
      "n_pos": 57162,
      "n_neg": 32578,
      "mean_pos": 32.94652041566076,
      "mean_neg": 33.64147584259316,
      "std_pos": 20.41154296240483,
      "std_neg": 20.86697668765583,
      "mean_diff": -0.6949554269324025,
      "ci95_low": -0.9766394451687175,
      "ci95_high": -0.4132714086960875,
      "welch_t": -4.835604094004684,
      "welch_p_onesided": 0.9999993348106063,
      "mannwhitney_U": 913825969.0,
      "mannwhitney_p_onesided": 0.9999982170322839,
      "cohen_d": -0.03377169912430465
    },
    {
      "feature": "popularity",
      "pos": "Explicit",
      "neg": "Explicit olmayan",
      "hypothesis": "H5: Explicit şarkılar daha popülerdir.",
      "n_pos": 7704,
      "n_neg": 82036,
      "mean_pos": 36.88564382139148,
      "mean_neg": 32.852576917450875,
      "std_pos": 22.353544154908125,
      "std_neg": 20.372140595797084,
      "mean_diff": 4.0330669039406075,
      "ci95_low": 3.514739222797652,
      "ci95_high": 4.551394585083563,
      "welch_t": 15.252389047966073,
      "welch_p_onesided": 3.5545171544207806e-52,
      "mannwhitney_U": 348321121.5,
      "mannwhitney_p_onesided": 2.362332533543152e-50,
      "cohen_d": 0.19625898077482914
    }
  ]
}